[{
	"fields": [{
		"monitor_type": "metric",
		"type": "long",
		"name": "consul_up",
		"unit": "",
		"description": "服务存活"
	}, {
		"monitor_type": "metric",
		"type": "long",
		"name": "consul_raft_peers",
		"unit": "",
		"description": "raft_peers"
	}, {
		"monitor_type": "metric",
		"type": "long",
		"name": "consul_serf_lan_members",
		"unit": "",
		"description": "lan_members"
	}, {
		"monitor_type": "metric",
		"type": "long",
		"name": "consul_catalog_services",
		"unit": "",
		"description": "services"
	}, {
		"monitor_type": "metric",
		"type": "long",
		"name": "consul_catalog_service_node_healthy",
		"unit": "",
		"description": "node_healthy"
	}, {				
		"monitor_type": "metric",
		"type": "long",
		"name": "consul_health_node_status",
		"unit": "",
		"description": "node_status"
	}, {				
		"monitor_type": "metric",
		"type": "long",
		"name": "consul_health_service_status",
		"unit": "",
		"description": "service_status"
	}, {				
		"monitor_type": "metric",
		"type": "long",
		"name": "consul_catalog_kv",
		"unit": "",
		"description": "catalog_kv"		
	}],
	"table_name": "Consul",
	"table_desc": "Consul"
}]